Time (sec),TCP Traffic (Mbit/s)
0,0.0
1,0.0
2,0.0
3,0.0
4,71.708688
5,931.416544
6,930.174312
7,930.162728
8,930.134808
9,396.205112
